chrom	start	end	tss	gene_id	locus_id	strand	operon_rank	operon_id
chrI	108281	108393	108299	WBGene00021681	Y48G1C.8	-	2	CEOP1957
chrI	348384	348483	348522	WBGene00021657	Y48G1A.1	+	2	CEOP1997
chrI	461696	461801	461796	WBGene00021026	W04C9.4	+	2	CEOP1008
chrI	536807	536945	536932	WBGene00007009	wwp-1	+	2	CEOP1934
chrI	1049247	1049361	1049393	WBGene00021331	glrx-10	+	3	CEOP1908
chrI	1842429	1842594	1842429	WBGene00001309	emr-1	+	2	CEOP1992
chrI	2045041	2045179	2045073	WBGene00021239	Y20F4.4	-	2	CEOP1913
chrI	2045255	2045337	2045301	WBGene00021239	Y20F4.4	-	2	CEOP1913
chrI	2064833	2064956	2064911	WBGene00021348	moag-4	+	2	CEOP1028
chrI	2126832	2126967	2126943	WBGene00021355	Y37E3.17	+	2	CEOP1995
chrI	2304252	2304372	2304409	WBGene00021470	tpxl-1	-	2	CEOP1910
chrI	2312241	2312380	2312392	WBGene00021475	tbca-1	+	3	CEOP1040
chrI	2420325	2420409	2420374	WBGene00017734	F23C8.5	-	2	CEOP1044
chrI	2489837	2490011	2489968	WBGene00021277	Y23H5B.6	+	2	CEOP1048
chrI	2995999	2996110	2996006	WBGene00022124	supr-1	-	3	CEOP1943
chrI	3176545	3176654	3176550	WBGene00021830	Y54E10A.10	-	3	CEOP1916
chrI	3222998	3223171	3223059	WBGene00004404	rom-5	-	2	CEOP1944
chrI	3562935	3563060	3562904	WBGene00021647	Y47G6A.22	-	2	CEOP1914
chrI	3603243	3603398	3603386	WBGene00044436	Y47G6A.31	+	2	CEOP1905
chrI	3605762	3605863	3605767	WBGene00021648	mis-12	-	2	CEOP1100
chrI	3827097	3827213	3827213	WBGene00018765	mpc-2	+	2	CEOP1116
chrI	3862021	3862143	3862050	WBGene00020190	guk-1	-	2	CEOP1120
chrI	3862368	3862446	3862325	WBGene00020190	guk-1	-	2	CEOP1120
chrI	3881455	3881589	3881487	WBGene00016836	C50F2.2	+	2	CEOP1128
chrI	4385782	4385894	4385882	WBGene00000962	dhc-1	+	2	CEOP1994
chrI	4386515	4386643	4386607	WBGene00000962	dhc-1	+	2	CEOP1994
chrI	4451079	4451190	4451114	WBGene00016564	cmt-1	-	2	CEOP1180
chrI	4511218	4511313	4511256	WBGene00022470	mrpl-19	-	2	CEOP1947
chrI	4587606	4587706	4587638	WBGene00017007	D1007.10	+	2	CEOP1188
chrI	4636455	4636592	4636499	WBGene00016655	acbp-1	-	4	CEOP1196
chrI	4679557	4679671	4679653	WBGene00020212	T04D1.2	+	2	CEOP1200
chrI	4773089	4773212	4773066	WBGene00019770	M04F3.4	-	2	CEOP1970
chrI	4789931	4790086	4790096	WBGene00023068	rpl-41.2	+	2	CEOP1917
chrI	4829911	4830023	4830001	WBGene00019011	F57C9.4	+	2	CEOP1204
chrI	4952659	4952773	4952627	WBGene00001860	him-1	-	2	CEOP1208
chrI	5056989	5057153	5057017	WBGene00016734	C46H11.10	-	2	CEOP1899
chrI	5057446	5057602	5057429	WBGene00016734	C46H11.10	-	2	CEOP1899
chrI	5131156	5131280	5131262	WBGene00022456	pfkb-1.1	+	3	CEOP1220
chrI	5131476	5131595	5131511	WBGene00022456	pfkb-1.1	+	3	CEOP1220
chrI	5134603	5134717	5134696	WBGene00003475	mtm-1	+	4	CEOP1220
chrI	5290815	5290926	5290849	WBGene00001333	erm-1	-	2	CEOP1232
chrI	5415596	5415827	5415643	WBGene00000761	coq-1	-	4	CEOP1248
chrI	5416324	5416439	5416328	WBGene00000761	coq-1	-	4	CEOP1248
chrI	5484445	5484720	5484654	WBGene00015635	C09D4.4	-	2	CEOP1252
chrI	5571462	5571648	5571511	WBGene00019713	pqn-52	-	2	CEOP1974
chrI	5620477	5621009	5620779	WBGene00018510	F46F11.7	+	2	CEOP1268
chrI	5653654	5653756	5653627	WBGene00018891	F55F8.3	-	4	CEOP1276
chrI	5678018	5678224	5678159	WBGene00020557	T19B4.3	+	3	CEOP1280
chrI	5818226	5818336	5818231	WBGene00001973	hmg-3	-	2	CEOP1897
chrI	6028121	6028320	6028279	WBGene00006932	vps-34	+	4	CEOP1288
chrI	6055943	6056157	6056006	WBGene00016156	C27A12.6	-	6	CEOP1296
chrI	6061084	6061213	6061082	WBGene00016158	ari-1	-	4	CEOP1296
chrI	6107775	6107911	6107794	WBGene00020842	nmrk-1	-	2	CEOP1300
chrI	6210087	6210213	6210107	WBGene00020347	ech-1.2	-	3	CEOP1312
chrI	6290115	6290245	6290170	WBGene00015686	C10G11.6	+	2	CEOP1320
chrI	6292906	6293305	6293154	WBGene00004068	pnk-1	+	3	CEOP1320
chrI	6294025	6294192	6294199	WBGene00004068	pnk-1	+	3	CEOP1320
chrI	6562528	6562635	6562578	WBGene00019003	F57B10.5	+	3	CEOP1336
chrI	6564585	6564701	6564580	WBGene00000236	bag-1	-	2	CEOP1340
chrI	6573595	6573697	6573703	WBGene00002783	let-607	+	3	CEOP1991
chrI	6573835	6573963	6573908	WBGene00002783	let-607	+	3	CEOP1991
chrI	6577202	6577415	6577407	WBGene00002783	let-607	+	3	CEOP1991
chrI	6579860	6580035	6580024	WBGene00002783	let-607	+	3	CEOP1991
chrI	6739532	6739638	6739628	WBGene00020931	cytb-5.2	+	2	CEOP1344
chrI	6745450	6745651	6745607	WBGene00006773	unc-37	-	3	CEOP1348
chrI	6814264	6814366	6814343	WBGene00019323	teg-4	+	2	CEOP1978
chrI	6838208	6838399	6838294	WBGene00001056	dpf-3	+	2	CEOP1999
chrI	6850003	6850110	6850107	WBGene00019246	rpb-5	+	2	CEOP1902
chrI	6854286	6854438	6854422	WBGene00001598	glh-1	+	4	CEOP1902
chrI	6854601	6854725	6854754	WBGene00001598	glh-1	+	4	CEOP1902
chrI	7099702	7099806	7099674	WBGene00043279	F22D6.8	-	2	CEOP1893
chrI	7147362	7147505	7147361	WBGene00010427	hpo-11	-	3	CEOP1368
chrI	7147746	7147882	7147787	WBGene00010427	hpo-11	-	3	CEOP1368
chrI	7149617	7149780	7149647	WBGene00010427	hpo-11	-	3	CEOP1368
chrI	7151887	7151992	7151884	WBGene00010645	fecl-1	-	2	CEOP1368
chrI	7224674	7224781	7224772	WBGene00007256	swsn-9	+	3	CEOP1372
chrI	7233149	7233256	7233213	WBGene00007258	hasp-1	-	2	CEOP1376
chrI	7248738	7248863	7248704	WBGene00011064	adsl-1	-	2	CEOP1380
chrI	7303085	7303241	7303262	WBGene00008765	ttx-7	-	2	CEOP1388
chrI	7559623	7559731	7559732	WBGene00012030	T25G3.3	+	2	CEOP1400
chrI	7563182	7563346	7563330	WBGene00012031	T25G3.4	+	3	CEOP1400
chrI	7564510	7564723	7564562	WBGene00012031	T25G3.4	+	3	CEOP1400
chrI	7595516	7595712	7595665	WBGene00008419	wdr-23	+	4	CEOP1408
chrI	7596293	7596422	7596434	WBGene00008419	wdr-23	+	4	CEOP1408
chrI	7596926	7597061	7596997	WBGene00008419	wdr-23	+	4	CEOP1408
chrI	7597943	7598058	7598088	WBGene00008419	wdr-23	+	4	CEOP1408
chrI	7639993	7640104	7640009	WBGene00009254	capg-1	-	5	CEOP1412
chrI	7649989	7650094	7649993	WBGene00004508	rrf-1	-	2	CEOP1412
chrI	7679151	7679270	7679252	WBGene00011972	T23G11.7	+	2	CEOP1416
chrI	7701023	7701130	7701129	WBGene00077728	T23G11.11	+	2	CEOP1989
chrI	7702216	7702332	7702306	WBGene00009187	F27D4.1	+	3	CEOP1989
chrI	7820650	7820768	7820767	WBGene00008400	drh-3	+	3	CEOP1979
chrI	7840191	7840345	7840306	WBGene00009277	F30F8.10	+	3	CEOP1424
chrI	7926399	7926507	7926420	WBGene00008990	smgl-1	-	2	CEOP1432
chrI	7940709	7940817	7940817	WBGene00011916	T22C1.5	+	3	CEOP1436
chrI	8024675	8024783	8024682	WBGene00000869	cyc-1	-	3	CEOP1448
chrI	8100200	8100340	8100318	WBGene00005009	spr-4	+	3	CEOP1452
chrI	8291106	8291221	8291123	WBGene00002196	kin-10	-	2	CEOP1456
chrI	8426818	8426951	8426859	WBGene00008530	F02E9.5	-	4	CEOP1476
chrI	8434325	8434430	8434330	WBGene00008532	dpt-1	-	2	CEOP1476
chrI	8490930	8491039	8491022	WBGene00008386	cdc-5L	+	2	CEOP1929
chrI	8804605	8804707	8804698	WBGene00009452	F36A2.2	-	2	CEOP1504
chrI	8905516	8905635	8905512	WBGene00011631	T08G11.4	-	2	CEOP1508
chrI	9003941	9004135	9003975	WBGene00009478	syx-7	-	3	CEOP1516
chrI	9168109	9168255	9168249	WBGene00009126	pyk-1	+	2	CEOP1983
chrI	9390589	9390702	9390595	WBGene00008878	ppfr-1	-	3	CEOP1932
chrI	9393779	9393884	9393776	WBGene00008877	rtcb-1	-	2	CEOP1932
chrI	9424566	9424877	9424815	WBGene00007646	nkb-1	+	2	CEOP1544
chrI	9428801	9428939	9428882	WBGene00007646	nkb-1	+	2	CEOP1544
chrI	9431234	9431437	9431239	WBGene00007646	nkb-1	+	2	CEOP1544
chrI	9435171	9435300	9435279	WBGene00007647	C17E4.10	+	3	CEOP1544
chrI	9516088	9516220	9516089	WBGene00077771	C41G7.9	-	2	CEOP1985
chrI	9581261	9581395	9581264	WBGene00002276	lem-3	-	3	CEOP1548
chrI	9581534	9581648	9581551	WBGene00002276	lem-3	-	3	CEOP1548
chrI	9869181	9869359	9869356	WBGene00003639	nhr-49	+	3	CEOP1566
chrI	9871006	9871129	9871136	WBGene00003639	nhr-49	+	3	CEOP1566
chrI	9955940	9956048	9955952	WBGene00011985	T24D1.2	-	3	CEOP1572
chrI	10033498	10033670	10033635	WBGene00008664	nubp-1	+	3	CEOP1584
chrI	10046178	10046353	10046363	WBGene00008664	nubp-1	+	3	CEOP1584
chrI	10226971	10227113	10227035	WBGene00000426	ced-12	-	2	CEOP1592
chrI	10468901	10469009	10468899	WBGene00001112	duo-3	-	3	CEOP1612
chrI	10478175	10478311	10478248	WBGene00009508	row-1	-	2	CEOP1926
chrI	10633203	10633306	10633215	WBGene00015233	B0511.7	-	6	CEOP1632
chrI	10636225	10636397	10636290	WBGene00015238	B0511.13	-	4	CEOP1632
chrI	10683093	10683195	10683104	WBGene00016395	C34B2.10	-	2	CEOP1636
chrI	10730184	10730330	10730232	WBGene00015022	B0205.8	-	3	CEOP1640
chrI	10798691	10798803	10798778	WBGene00018847	marc-6	+	3	CEOP1648
chrI	11399809	11399923	11399808	WBGene00000010	aat-9	-	2	CEOP1950
chrI	11912884	11913006	11912883	WBGene00003123	mag-1	-	4	CEOP1660
chrI	12055185	12055327	12055218	WBGene00002240	ksr-2	-	2	CEOP1960
chrI	12486880	12486987	12486973	WBGene00004190	pars-2	+	2	CEOP1668
chrI	12919385	12919523	12919492	WBGene00003989	pfn-1	+	2	CEOP1903
chrI	12919717	12919855	12919830	WBGene00003989	pfn-1	+	2	CEOP1903
chrI	13010239	13010453	13010372	WBGene00004063	pmr-1	+	2	CEOP1682
chrI	13011240	13011366	13011327	WBGene00004063	pmr-1	+	2	CEOP1682
chrI	13161684	13161801	13161702	WBGene00009064	F22G12.4	-	2	CEOP1684
chrI	13161942	13162046	13161898	WBGene00009064	F22G12.4	-	2	CEOP1684
chrI	13391233	13391356	13391334	WBGene00007216	C01A2.4	+	3	CEOP1696
chrI	13470395	13470498	13470436	WBGene00013021	Y48G10A.4	-	4	CEOP1996
chrI	13475548	13475699	13475551	WBGene00013020	Y48G10A.3	-	3	CEOP1996
chrI	13487574	13487723	13487589	WBGene00013019	Y48G10A.2	-	2	CEOP1996
chrI	13491171	13491288	13491173	WBGene00013019	Y48G10A.2	-	2	CEOP1996
chrI	13575846	13576085	13575955	WBGene00013597	gpi-1	+	2	CEOP1704
chrI	13588929	13589035	13588909	WBGene00013598	vps-28	-	5	CEOP1712
chrI	13626309	13626416	13626291	WBGene00012386	agef-1	-	2	CEOP1712
chrI	13797128	13797332	13797170	WBGene00014871	Y37H9A.5	-	3	CEOP1998
chrI	13802214	13802395	13802246	WBGene00012370	W09G3.7	-	2	CEOP1998
chrI	13812419	13812529	13812420	WBGene00012366	maea-1	-	5	CEOP1724
chrI	14004257	14004396	14004403	WBGene00013509	Y71A12B.12	+	2	CEOP1928
chrI	14005385	14005497	14005501	WBGene00013509	Y71A12B.12	+	2	CEOP1928
chrI	14422026	14422151	14422161	WBGene00013670	hpo-13	+	2	CEOP1904
chrI	14496520	14496628	14496510	WBGene00013678	Y105E8A.20	-	4	CEOP1736
chrI	14661856	14662037	14661877	WBGene00013691	Y105E8B.6	+	4	CEOP1744
chrI	14662938	14663049	14663008	WBGene00001334	ero-1	+	5	CEOP1744
chrI	14708101	14708200	14708094	WBGene00013200	Y54E5A.5	-	2	CEOP1748
chrI	14787878	14787987	14787854	WBGene00006349	sur-2	-	2	CEOP1760
chrI	15016859	15016992	15016865	WBGene00009369	F33H2.6	-	2	CEOP1772
chrI	15017166	15017296	15017224	WBGene00009369	F33H2.6	-	2	CEOP1772
chrI	15035867	15035992	15036008	WBGene00009284	F31C3.2	+	2	CEOP1965
chrII	50968	51109	51124	WBGene00016020	sptl-1	+	4	CEOP2004
chrII	51327	51456	51478	WBGene00016020	sptl-1	+	4	CEOP2004
chrII	95479	95645	95472	WBGene00016810	C50D2.7	-	2	CEOP2012
chrII	216717	216830	216752	WBGene00018585	F48A11.4	-	5	CEOP2016
chrII	220802	220941	220871	WBGene00018586	ubxn-3	-	4	CEOP2016
chrII	221277	221457	221298	WBGene00018586	ubxn-3	-	4	CEOP2016
chrII	713716	713853	713827	WBGene00020171	T02H6.1	+	2	CEOP2032
chrII	1403128	1403328	1403234	WBGene00021784	cogc-4	+	2	CEOP2048
chrII	1918022	1918181	1918054	WBGene00018665	bath-4	-	3	CEOP2052
chrII	1926127	1926267	1926195	WBGene00018659	F52C6.2	+	3	CEOP2056
chrII	2028878	2029057	2028907	WBGene00019139	bath-1	-	3	CEOP2060
chrII	2030583	2030690	2030590	WBGene00019140	bath-3	-	2	CEOP2060
chrII	2186431	2186608	2186457	WBGene00016340	gba-2	-	3	CEOP2064
chrII	3000696	3000814	3000814	WBGene00016576	C41H7.6	+	2	CEOP2080
chrII	3005644	3005844	3005802	WBGene00016573	C41H7.3	+	5	CEOP2080
chrII	3071483	3071590	3071527	WBGene00021294	Y25C1A.7	-	2	CEOP2084
chrII	3345056	3345164	3345093	WBGene00017461	bath-28	-	2	CEOP2092
chrII	3359986	3360092	3360084	WBGene00017450	bath-27	+	3	CEOP2680
chrII	3444462	3444648	3444493	WBGene00015842	C16C8.4	-	2	CEOP2100
chrII	3451128	3451299	3451274	WBGene00015851	C16C8.13	+	3	CEOP2104
chrII	3930960	3931082	3930952	WBGene00018756	F53C3.13	-	2	CEOP2757
chrII	4229231	4229407	4229377	WBGene00015816	C16A11.3	+	2	CEOP2116
chrII	4230986	4231171	4231138	WBGene00185089	C16A11.10	+	3	CEOP2116
chrII	4598955	4599131	4598998	WBGene00019747	ipla-1	-	2	CEOP2726
chrII	4741576	4741739	4741753	WBGene00018269	acs-11	+	2	CEOP2703
chrII	4854817	4854934	4854912	WBGene00017385	F11G11.5	+	2	CEOP2691
chrII	4855168	4855301	4855242	WBGene00017385	F11G11.5	+	2	CEOP2691
chrII	4902188	4902289	4902216	WBGene00019892	R05F9.9	-	2	CEOP2140
chrII	4941568	4941668	4941540	WBGene00022766	cblc-1	-	3	CEOP2144
chrII	4941762	4941874	4941746	WBGene00022766	cblc-1	-	3	CEOP2144
chrII	4955498	4955608	4955511	WBGene00003949	pbs-3	-	2	CEOP2148
chrII	5370497	5370724	5370670	WBGene00017283	F09E5.3	+	3	CEOP2168
chrII	5373846	5373982	5373912	WBGene00017283	F09E5.3	+	3	CEOP2168
chrII	5379700	5379859	5379851	WBGene00004034	pkc-3	+	2	CEOP2172
chrII	5503916	5504021	5503966	WBGene00000375	cyp-44A1	+	2	CEOP2188
chrII	5506036	5506138	5506072	WBGene00022672	npp-24	+	3	CEOP2188
chrII	5619422	5619539	5619432	WBGene00000970	dhs-6	-	2	CEOP2196
chrII	5689086	5689197	5689122	WBGene00016120	C25H3.11	-	2	CEOP2728
chrII	5827444	5827578	5827435	WBGene00022880	tbc-2	-	4	CEOP2224
chrII	5907610	5907730	5907697	WBGene00006933	vps-35	+	2	CEOP2232
chrII	5921751	5921855	5921802	WBGene00017895	vrk-1	+	2	CEOP2747
chrII	5942726	5942851	5942866	WBGene00017894	F28B12.1	+	2	CEOP2741
chrII	6268537	6268721	6268712	WBGene00017435	F13H8.2	+	2	CEOP2754
chrII	6269911	6270041	6269943	WBGene00017435	F13H8.2	+	2	CEOP2754
chrII	6345688	6346004	6345892	WBGene00016316	C32D5.8	-	2	CEOP2240
chrII	6352115	6352311	6352141	WBGene00016317	C32D5.10	-	2	CEOP2748
chrII	6360916	6361031	6360911	WBGene00019607	K10B2.4	-	2	CEOP2244
chrII	6598140	6598259	6598204	WBGene00001026	dnj-8	-	2	CEOP2256
chrII	6741541	6741650	6741639	WBGene00018305	exos-8	+	4	CEOP2260
chrII	6891254	6891544	6891403	WBGene00016630	acer-1	-	2	CEOP2730
chrII	6959969	6960109	6960043	WBGene00006605	tra-2	-	2	CEOP2268
chrII	6972230	6972361	6972294	WBGene00000198	art-1	-	2	CEOP2272
chrII	7662356	7662486	7662374	WBGene00017547	alfa-1	-	2	CEOP2668
chrII	7680801	7680928	7680889	WBGene00003044	lir-1	+	2	CEOP2300
chrII	7705248	7705388	7705301	WBGene00015206	B0495.7	-	3	CEOP2308
chrII	7777780	7777890	7777774	WBGene00015512	mthf-1	-	2	CEOP2731
chrII	7777964	7778075	7778021	WBGene00015512	mthf-1	-	2	CEOP2731
chrII	7778249	7778424	7778335	WBGene00015512	mthf-1	-	2	CEOP2731
chrII	7779053	7779187	7779080	WBGene00015512	mthf-1	-	2	CEOP2731
chrII	7870142	7870321	7870235	WBGene00011639	ztf-17	-	2	CEOP2764
chrII	7870694	7870832	7870725	WBGene00011639	ztf-17	-	2	CEOP2764
chrII	7894970	7895095	7895079	WBGene00014066	rev-1	+	2	CEOP2320
chrII	8464640	8464742	8464725	WBGene00001498	fars-3	+	2	CEOP2348
chrII	8577748	8577919	8577890	WBGene00010044	F54C9.9	+	2	CEOP2368
chrII	8581585	8581722	8581717	WBGene00000187	arl-1	+	3	CEOP2368
chrII	8599310	8599445	8599349	WBGene00009204	F28C6.4	-	2	CEOP2674
chrII	8603642	8603775	8603771	WBGene00006307	suf-1	+	2	CEOP2372
chrII	8658840	8659036	8659003	WBGene00008427	atg-10	+	2	CEOP2740
chrII	8722124	8722350	8722305	WBGene00011312	trcs-2	+	2	CEOP2390
chrII	8934160	8934309	8934190	WBGene00011885	T21B10.3	+	2	CEOP2749
chrII	9038126	9038358	9038260	WBGene00001527	gcs-1	-	3	CEOP2408
chrII	9039011	9039141	9039062	WBGene00001527	gcs-1	-	3	CEOP2408
chrII	9274043	9274194	9274044	WBGene00007226	C01G6.4	-	2	CEOP2733
chrII	9336731	9336854	9336811	WBGene00004744	scp-1	+	4	CEOP2424
chrII	9433561	9433701	9433534	WBGene00002199	kin-15	-	2	CEOP2428
chrII	9716723	9716838	9716733	WBGene00006940	wee-1.3	-	2	CEOP2450
chrII	9781911	9782045	9781902	WBGene00011677	cyp-13A1	-	2	CEOP2766
chrII	9937648	9937897	9937778	WBGene00007330	C05C10.3	-	2	CEOP2751
chrII	9940508	9940616	9940621	WBGene00007333	ufd-3	+	2	CEOP2468
chrII	10174401	10174521	10174489	WBGene00009365	F33H1.4	+	2	CEOP2713
chrII	10242356	10242497	10242380	WBGene00011334	mrps-14	-	2	CEOP2472
chrII	10395426	10395549	10395516	WBGene00011663	T09F3.4	+	2	CEOP2484
chrII	10542013	10542111	10542069	WBGene00004185	pro-1	-	2	CEOP2492
chrII	10657638	10657906	10657813	WBGene00010897	lact-3	-	2	CEOP2500
chrII	10860865	10861088	10860926	WBGene00010911	M106.3	-	2	CEOP2716
chrII	10862336	10862442	10862400	WBGene00010911	M106.3	-	2	CEOP2716
chrII	10863029	10863129	10863025	WBGene00010911	M106.3	-	2	CEOP2716
chrII	10863333	10863437	10863318	WBGene00010911	M106.3	-	2	CEOP2716
chrII	11236346	11236459	11236363	WBGene00011527	cchl-1	-	3	CEOP2524
chrII	11237111	11237387	11237284	WBGene00011528	T06D8.7	-	2	CEOP2524
chrII	11443923	11444112	11444088	WBGene00012157	adbp-1	+	2	CEOP2536
chrII	11492940	11493077	11493055	WBGene00007143	B0334.3	-	2	CEOP2544
chrII	11527881	11527965	11527863	WBGene00000090	age-1	-	3	CEOP2552
chrII	11540631	11540781	11540659	WBGene00010055	F54D5.12	-	3	CEOP2556
chrII	11542453	11542560	11542456	WBGene00010054	F54D5.11	-	2	CEOP2556
chrII	11547331	11547461	11547433	WBGene00010052	F54D5.7	+	2	CEOP2560
chrII	11695779	11695890	11695858	WBGene00008140	xpf-1	+	2	CEOP2572
chrII	11966814	11966970	11966848	WBGene00004271	rab-7	-	2	CEOP2580
chrII	11977351	11977593	11977549	WBGene00012472	Y17G7B.21	-	2	CEOP2582
chrII	12027616	12027805	12027684	WBGene00012462	Y17G7B.8	-	3	CEOP2588
chrII	12027942	12028079	12028073	WBGene00012462	Y17G7B.8	-	3	CEOP2588
chrII	12050561	12050829	12050687	WBGene00012463	Y17G7B.10	+	2	CEOP2699
chrII	12052810	12053047	12052959	WBGene00012463	Y17G7B.10	+	2	CEOP2699
chrII	12100016	12100220	12100076	WBGene00012468	Y17G7B.17	-	2	CEOP2719
chrII	12259579	12259701	12259732	WBGene00013265	parn-2	-	2	CEOP2596
chrII	12711533	12711695	12711684	WBGene00012894	tbc-17	+	2	CEOP2756
chrII	12713775	12713919	12713829	WBGene00012894	tbc-17	+	2	CEOP2756
chrII	13199903	13199997	13200042	WBGene00000274	btf-1	+	2	CEOP2601
chrII	13460747	13460875	13460731	WBGene00004116	pqn-27	-	2	CEOP2722
chrII	13585475	13585621	13585643	WBGene00013007	Y48E1B.8	+	2	CEOP2752
chrII	14143816	14143923	14143798	WBGene00012228	W03H9.2	-	2	CEOP2628
chrII	14798196	14798311	14798304	WBGene00013196	tbc-20	+	2	CEOP2755
chrII	14865216	14865323	14865356	WBGene00011045	gpx-2	+	2	CEOP2652
chrII	15111398	15111560	15111523	WBGene00013176	Y53F4B.39	+	2	CEOP2660
chrII	15167408	15167548	15167411	WBGene00001776	gst-28	-	2	CEOP2664
chrIII	292459	292573	292535	WBGene00021751	Y50D7A.1	+	3	CEOP3851
chrIII	348607	348713	348646	WBGene00001561	gei-4	-	2	CEOP3023
chrIII	783413	783522	783423	WBGene00018364	dagl-2	-	2	CEOP3034
chrIII	861972	862100	862062	WBGene00021170	arx-4	+	4	CEOP3044
chrIII	902022	902107	902022	WBGene00017759	sucl-2	-	4	CEOP3048
chrIII	907486	907677	907541	WBGene00017760	F23H11.4	-	4	CEOP3048
chrIII	910957	911068	910993	WBGene00000263	F23H11.5	-	3	CEOP3048
chrIII	1418821	1418938	1418803	WBGene00001236	elc-1	-	2	CEOP3061
chrIII	1496000	1496103	1496103	WBGene00019715	M01G5.1	+	2	CEOP3899
chrIII	1533199	1533373	1533273	WBGene00004905	snf-6	-	2	CEOP3062
chrIII	3070159	3070263	3070255	WBGene00019168	H06I04.3	+	2	CEOP3088
chrIII	3097097	3097219	3097217	WBGene00019167	H06I04.1	+	4	CEOP3088
chrIII	3510024	3510135	3510020	WBGene00010810	M01F1.4	-	2	CEOP3124
chrIII	3541777	3541904	3541797	WBGene00000248	ben-1	-	2	CEOP3820
chrIII	3623922	3624102	3623941	WBGene00004765	sel-8	-	2	CEOP3862
chrIII	3630441	3630556	3630408	WBGene00007859	mrps-31	-	2	CEOP3862
chrIII	3664351	3664453	3664374	WBGene00008119	C46F11.4	-	2	CEOP3128
chrIII	3713137	3713310	3713272	WBGene00007577	nrde-1	+	4	CEOP3136
chrIII	3726558	3726664	3726645	WBGene00007580	C14B1.9	-	4	CEOP3140
chrIII	3854968	3855095	3854959	WBGene00007967	cyp-25A4	-	2	CEOP3863
chrIII	3863053	3863198	3863058	WBGene00000264	brc-1	-	2	CEOP3863
chrIII	3908323	3908455	3908334	WBGene00014202	mmcm-1	-	2	CEOP3864
chrIII	3915815	3915957	3915844	WBGene00003930	pat-3	-	2	CEOP3864
chrIII	4193706	4193856	4193867	WBGene00006959	xbp-1	+	2	CEOP3865
chrIII	4205858	4205970	4205930	WBGene00011282	R74.8	+	2	CEOP3847
chrIII	4206137	4206260	4206260	WBGene00011282	R74.8	+	2	CEOP3847
chrIII	4301104	4301296	4301103	WBGene00011206	R10E4.11	-	3	CEOP3898
chrIII	4367630	4367787	4367773	WBGene00000512	ckb-2	+	2	CEOP3176
chrIII	4375821	4376106	4375883	WBGene00007131	pals-26	+	2	CEOP3810
chrIII	4413191	4413344	4413354	WBGene00011119	mpc-1	+	5	CEOP3184
chrIII	4508501	4508609	4508473	WBGene00000380	cct-5	-	2	CEOP3192
chrIII	4584299	4584412	4584409	WBGene00009442	F35G12.5	+	3	CEOP3196
chrIII	4757101	4757220	4757208	WBGene00007168	B0393.3	+	2	CEOP3866
chrIII	4795497	4795695	4795688	WBGene00008006	tag-325	+	2	CEOP3220
chrIII	4796111	4796262	4796234	WBGene00008006	tag-325	+	2	CEOP3220
chrIII	4796724	4796881	4796854	WBGene00008006	tag-325	+	2	CEOP3220
chrIII	4856422	4856624	4856558	WBGene00016444	C35D10.7	+	4	CEOP3224
chrIII	4899269	4899404	4899292	WBGene00003598	nhl-2	-	2	CEOP3232
chrIII	4922143	4922255	4922211	WBGene00016144	mmab-1	-	2	CEOP3240
chrIII	4926023	4926128	4926011	WBGene00004782	set-2	-	2	CEOP3240
chrIII	4935020	4935126	4935099	WBGene00016142	mrps-18C	+	2	CEOP3244
chrIII	5153261	5153362	5153298	WBGene00021901	tag-262	-	2	CEOP3259
chrIII	5172250	5172334	5172321	WBGene00020423	prp-19	-	4	CEOP3260
chrIII	5202711	5202887	5202705	WBGene00001262	emb-8	-	3	CEOP3848
chrIII	5207113	5207232	5207127	WBGene00022531	morc-1	-	3	CEOP3848
chrIII	5208909	5209019	5208907	WBGene00022534	syx-16	-	2	CEOP3848
chrIII	5319393	5319730	5319517	WBGene00004095	pqe-1	+	2	CEOP3284
chrIII	5375043	5375153	5375061	WBGene00021312	szy-2	-	2	CEOP3802
chrIII	5375240	5375319	5375207	WBGene00021312	szy-2	-	2	CEOP3802
chrIII	5380050	5380163	5380048	WBGene00021313	paqr-2	-	2	CEOP3802
chrIII	5442924	5443036	5442942	WBGene00020779	T24G10.2	-	2	CEOP3300
chrIII	5595484	5595616	5595455	WBGene00000420	ced-6	+	2	CEOP3310
chrIII	5680247	5680470	5680361	WBGene00018827	pst-2	+	2	CEOP3316
chrIII	5715553	5715753	5715750	WBGene00000182	arf-1.2	+	2	CEOP3332
chrIII	5855889	5856009	5855877	WBGene00000381	cct-6	-	2	CEOP3336
chrIII	5879380	5879487	5879450	WBGene00017158	hpo-10	+	2	CEOP3348
chrIII	6067559	6067723	6067690	WBGene00015478	mapk-15	+	2	CEOP3896
chrIII	6170155	6170291	6170196	WBGene00001160	efk-1	-	2	CEOP3900
chrIII	6173110	6173220	6173097	WBGene00018341	F42A10.5	-	2	CEOP3900
chrIII	6194478	6194733	6194507	WBGene00016013	C23G10.6	-	2	CEOP3826
chrIII	6210262	6210396	6210362	WBGene00016010	C23G10.1	+	3	CEOP3356
chrIII	6366666	6366850	6366776	WBGene00015813	thoc-2	+	2	CEOP3856
chrIII	6367785	6367893	6367869	WBGene00015813	thoc-2	+	2	CEOP3856
chrIII	6379211	6379317	6379317	WBGene00015811	C16A3.6	+	2	CEOP3364
chrIII	6452820	6452929	6452830	WBGene00004781	set-1	-	3	CEOP3384
chrIII	6504225	6504325	6504359	WBGene00017756	F23F12.12	+	2	CEOP3855
chrIII	6603272	6603404	6603326	WBGene00002889	let-765	-	2	CEOP3392
chrIII	6606193	6606316	6606172	WBGene00002889	let-765	-	2	CEOP3392
chrIII	6608200	6608314	6608229	WBGene00003162	mdh-2	-	2	CEOP3392
chrIII	6795402	6795506	6795477	WBGene00019907	R05H11.1	+	2	CEOP3815
chrIII	7087999	7088109	7087993	WBGene00022738	ZK418.9	-	3	CEOP3408
chrIII	7184093	7184199	7184185	WBGene00018149	F37C12.1	+	4	CEOP3416
chrIII	7199494	7199856	7199674	WBGene00020112	pfd-5	-	2	CEOP3420
chrIII	7211304	7211534	7211395	WBGene00020107	R151.2	+	2	CEOP3836
chrIII	7234241	7234342	7234241	WBGene00020636	T20H4.5	-	2	CEOP3420
chrIII	7272182	7272333	7272232	WBGene00015159	psd-1	-	2	CEOP3833
chrIII	7277314	7277429	7277301	WBGene00015160	B0361.6	-	2	CEOP3833
chrIII	7359113	7359219	7359137	WBGene00017269	F08F8.4	-	2	CEOP3428
chrIII	7465459	7465615	7465593	WBGene00001503	fum-1	+	2	CEOP3440
chrIII	7933497	7933632	7933542	WBGene00004303	ran-2	+	2	CEOP3465
chrIII	7986684	7986791	7986751	WBGene00015557	C06G4.1	+	2	CEOP3873
chrIII	8158472	8158583	8158488	WBGene00017045	atg-13	-	3	CEOP3484
chrIII	8163899	8164026	8163875	WBGene00016803	bath-42	-	3	CEOP3484
chrIII	8239390	8239524	8239403	WBGene00006627	tsp-1	-	2	CEOP3803
chrIII	8310302	8310427	8310396	WBGene00017355	F10E9.3	+	3	CEOP3500
chrIII	8405535	8405635	8405538	WBGene00022703	ubxn-4	-	3	CEOP3520
chrIII	8443666	8443779	8443705	WBGene00022865	ufbp-1	-	3	CEOP3524
chrIII	8447001	8447120	8447011	WBGene00016250	hsp-110	-	2	CEOP3524
chrIII	8491662	8491802	8491757	WBGene00015418	pac-1	+	2	CEOP3814
chrIII	8512794	8512969	8512919	WBGene00015418	pac-1	+	2	CEOP3814
chrIII	8513102	8513201	8513164	WBGene00015418	pac-1	+	2	CEOP3814
chrIII	8630874	8630989	8631021	WBGene00001028	dnj-10	+	2	CEOP3875
chrIII	8683747	8683855	8683733	WBGene00001443	fli-1	-	2	CEOP3876
chrIII	8718635	8718781	8718755	WBGene00022717	hipr-1	+	2	CEOP3538
chrIII	8719772	8719908	8719887	WBGene00022717	hipr-1	+	2	CEOP3538
chrIII	8754771	8754874	8754759	WBGene00022722	ZK370.8	-	3	CEOP3539
chrIII	8761313	8761630	8761541	WBGene00019801	aak-1	-	2	CEOP3539
chrIII	8769292	8769429	8769437	WBGene00019301	K02D10.1	+	2	CEOP3540
chrIII	8770303	8770415	8770426	WBGene00019301	K02D10.1	+	2	CEOP3540
chrIII	8772424	8772547	8772517	WBGene00019301	K02D10.1	+	2	CEOP3540
chrIII	8830970	8831191	8831073	WBGene00018423	F44E2.10	-	2	CEOP3544
chrIII	8850694	8850805	8850712	WBGene00018422	F44E2.9	-	3	CEOP3548
chrIII	9001550	9001795	9001683	WBGene00010309	rpn-6.2	-	2	CEOP3564
chrIII	9059030	9059173	9059177	WBGene00001749	gst-1	+	2	CEOP3572
chrIII	9390236	9390349	9390266	WBGene00008000	slc-17.2	-	2	CEOP3576
chrIII	9390983	9391106	9391040	WBGene00008000	slc-17.2	-	2	CEOP3576
chrIII	9393337	9393457	9393395	WBGene00001689	gpr-2	-	2	CEOP3576
chrIII	9467154	9467277	9467272	WBGene00000235	baf-1	+	2	CEOP3588
chrIII	9507827	9507937	9507919	WBGene00010130	vha-14	+	2	CEOP3880
chrIII	9511085	9511205	9511164	WBGene00010131	F55H2.5	+	3	CEOP3880
chrIII	9631330	9631456	9631328	WBGene00006704	ubc-7	-	2	CEOP3608
chrIII	9690092	9690251	9690168	WBGene00007404	best-5	-	3	CEOP3614
chrIII	9740721	9740912	9740790	WBGene00011498	T05G5.1	-	2	CEOP3891
chrIII	9762123	9762223	9762118	WBGene00011503	gcc-2	-	3	CEOP3616
chrIII	9807518	9807715	9807573	WBGene00014013	ZK632.4	-	2	CEOP3628
chrIII	9830505	9830627	9830645	WBGene00014019	ZK632.12	+	2	CEOP3640
chrIII	9858428	9858576	9858418	WBGene00010778	gpdh-2	-	2	CEOP3795
chrIII	9859168	9859281	9859212	WBGene00010778	gpdh-2	-	2	CEOP3795
chrIII	9867844	9867965	9867822	WBGene00014075	dhhc-4	-	2	CEOP3795
chrIII	10064203	10064317	10064265	WBGene00011806	ekl-6	+	2	CEOP3644
chrIII	10093144	10093237	10093121	WBGene00011815	bath-43	-	3	CEOP3652
chrIII	10123298	10123406	10123412	WBGene00014232	ttll-4	+	2	CEOP3657
chrIII	10123613	10123768	10123751	WBGene00014232	ttll-4	+	2	CEOP3657
chrIII	10123922	10124026	10123986	WBGene00014232	ttll-4	+	2	CEOP3657
chrIII	10216722	10216875	10216734	WBGene00000833	cts-1	-	3	CEOP3660
chrIII	10216981	10217107	10216983	WBGene00000833	cts-1	-	2	CEOP3660
chrIII	10218615	10218725	10218651	WBGene00004326	rde-4	-	2	CEOP3660
chrIII	10415847	10415955	10415956	WBGene00010842	ymel-1	+	2	CEOP3670
chrIII	10565976	10566095	10566097	WBGene00012860	acdh-11	+	2	CEOP3680
chrIII	10646106	10646218	10646238	WBGene00012651	orc-4	+	2	CEOP3692
chrIII	10742393	10742608	10742533	WBGene00006536	tbb-1	-	3	CEOP3700
chrIII	10750167	10750253	10750285	WBGene00010477	enu-3.6	+	2	CEOP3842
chrIII	10895859	10895965	10895981	WBGene00008082	com-1	+	2	CEOP3883
chrIII	11141693	11141820	11141752	WBGene00012922	Y47D3A.1	-	2	CEOP3797
chrIII	11290586	11290688	11290676	WBGene00012933	mib-1	-	2	CEOP3843
chrIII	11505273	11505377	11505261	WBGene00013446	Y66D12A.21	-	3	CEOP3724
chrIII	11526439	11526542	11526505	WBGene00013441	xpb-1	+	2	CEOP3885
chrIII	11547730	11547954	11547869	WBGene00013439	Y66D12A.13	+	2	CEOP3817
chrIII	11548105	11548222	11548182	WBGene00013439	Y66D12A.13	+	2	CEOP3817
chrIII	11578238	11578392	11578236	WBGene00013434	Y66D12A.8	+	3	CEOP3723
chrIII	11581415	11581523	11581434	WBGene00013432	Y66D12A.6	-	2	CEOP3886
chrIII	11974116	11974264	11974179	WBGene00013241	ung-1	-	2	CEOP3746
chrIII	11989884	11989993	11989983	WBGene00006937	wah-1	+	2	CEOP3748
chrIII	12226139	12226242	12226114	WBGene00013553	Y75B8A.18	-	2	CEOP3756
chrIII	12453345	12453453	12453321	WBGene00013038	ani-1	-	2	CEOP3798
chrIII	12499299	12499408	12499350	WBGene00013730	sql-1	+	3	CEOP3764
chrIII	12608512	12608733	12608701	WBGene00007030	epc-1	-	2	CEOP3892
chrIII	12626279	12626376	12626357	WBGene00004161	pqn-80	+	3	CEOP3766
chrIII	12668986	12669123	12669001	WBGene00013737	tpst-1	-	2	CEOP3799
chrIII	12673425	12673523	12673444	WBGene00006389	taf-7.2	-	2	CEOP3799
chrIII	13299053	13299176	13299158	WBGene00012803	Y43F4B.5	+	2	CEOP3776
chrIII	13313834	13313938	13313935	WBGene00012807	Y43F4B.10	+	2	CEOP3780
chrIII	13344570	13344691	13344642	WBGene00009952	acaa-2	+	4	CEOP3784
chrIII	13351046	13351184	13351201	WBGene00003478	mtm-6	+	5	CEOP3784
chrIII	13446586	13446895	13446717	WBGene00009736	F45G2.10	-	4	CEOP3792
chrIII	13462587	13462731	13462640	WBGene00012094	T27E9.2	-	4	CEOP3792
chrIII	13466279	13466390	13466410	WBGene00002185	kel-3	+	2	CEOP3800
chrIII	13549942	13550085	13549943	WBGene00013577	Y76A2B.5	-	2	CEOP3812
chrIII	13561269	13561379	13561303	WBGene00013578	scav-2	-	2	CEOP3812
chrIII	13762630	13762721	13762627	WBGene00010664	dbn-1	-	2	CEOP3829
chrIII	13768106	13768198	13768130	WBGene00010665	K08E3.5	-	2	CEOP3829
chrIV	162482	162604	162605	WBGene00021397	Y38C1AA.6	+	2	CEOP4645
chrIV	206785	206923	206884	WBGene00195063	Y38C1AA.14	+	4	CEOP4636
chrIV	230109	230196	230092	WBGene00019821	R02D3.3	-	3	CEOP4008
chrIV	230268	230354	230251	WBGene00019821	R02D3.3	-	3	CEOP4008
chrIV	230518	230619	230650	WBGene00019821	R02D3.3	-	3	CEOP4008
chrIV	240464	240573	240478	WBGene00019823	fnta-1	-	3	CEOP4008
chrIV	796671	796858	796684	WBGene00018934	F56B3.11	-	3	CEOP4036
chrIV	1557358	1557582	1557445	WBGene00016427	C34H4.5	-	3	CEOP4615
chrIV	1559544	1559740	1559582	WBGene00016427	C34H4.5	-	2	CEOP4615
chrIV	1560045	1560209	1560215	WBGene00021519	Y41D4B.17	+	2	CEOP4641
chrIV	1563885	1564042	1563968	WBGene00016427	C34H4.5	-	2	CEOP4615
chrIV	1595948	1596061	1595958	WBGene00003794	npp-8	-	2	CEOP4615
chrIV	1953326	1953443	1953435	WBGene00018679	F52C12.2	+	3	CEOP4052
chrIV	2708654	2708835	2708672	WBGene00006705	ubc-8	-	2	CEOP4671
chrIV	2823602	2823763	2823743	WBGene00043062	clec-80	+	2	CEOP4650
chrIV	3515775	3515917	3515751	WBGene00015658	tsg-101	-	2	CEOP4088
chrIV	4093187	4093379	4093260	WBGene00006701	ubc-1	+	2	CEOP4112
chrIV	4176857	4176976	4176907	WBGene00001033	dnj-15	+	3	CEOP4116
chrIV	4178061	4178285	4178149	WBGene00019535	tsen-34	+	4	CEOP4116
chrIV	4386477	4386658	4386617	WBGene00021286	tald-1	+	2	CEOP4120
chrIV	4447112	4447230	4447210	WBGene00019946	chat-1	+	2	CEOP4620
chrIV	4704320	4704437	4704454	WBGene00020679	ogdh-1	-	4	CEOP4140
chrIV	4705311	4705514	4705329	WBGene00020679	ogdh-1	-	4	CEOP4140
chrIV	4712557	4712660	4712583	WBGene00006968	yars-2	-	4	CEOP4140
chrIV	4715904	4716017	4715992	WBGene00019544	miro-1	-	2	CEOP4140
chrIV	4748506	4748642	4748533	WBGene00017121	cyc-2.1	-	3	CEOP4148
chrIV	4750013	4750125	4749982	WBGene00004432	rpl-20	-	2	CEOP4148
chrIV	4760821	4760941	4760834	WBGene00003216	memi-1	-	2	CEOP4673
chrIV	5183819	5183939	5183914	WBGene00020994	W03F8.4	+	2	CEOP4156
chrIV	5353401	5353524	5353409	WBGene00021161	Y4C6B.7	-	2	CEOP4613
chrIV	5541441	5541554	5541529	WBGene00020464	T12E12.3	+	2	CEOP4168
chrIV	5548775	5548917	5548860	WBGene00020462	T12E12.1	+	4	CEOP4168
chrIV	5548992	5549157	5549110	WBGene00020462	T12E12.1	+	4	CEOP4168
chrIV	5550780	5550924	5550910	WBGene00020462	T12E12.1	+	4	CEOP4168
chrIV	5657142	5657316	5657130	WBGene00004804	skn-1	-	2	CEOP4172
chrIV	5660280	5660480	5660476	WBGene00004804	skn-1	-	2	CEOP4172
chrIV	5664422	5664592	5664596	WBGene00000247	bec-1	-	2	CEOP4172
chrIV	6017777	6017896	6017888	WBGene00016721	C46G7.1	+	2	CEOP4652
chrIV	6327747	6327874	6327780	WBGene00004783	seu-1	+	3	CEOP4176
chrIV	6613434	6613537	6613440	WBGene00001090	drh-1	-	3	CEOP4647
chrIV	6627910	6628027	6627951	WBGene00015284	C01B10.10	-	2	CEOP4647
chrIV	6786014	6786157	6785996	WBGene00015927	dyci-1	-	2	CEOP4675
chrIV	6789550	6789756	6789652	WBGene00015928	C17H12.2	-	2	CEOP4675
chrIV	6887802	6887940	6887807	WBGene00020234	T05A12.3	-	2	CEOP4200
chrIV	6914481	6914559	6914585	WBGene00020682	T22D1.3	+	2	CEOP4204
chrIV	7149350	7149455	7149404	WBGene00016405	hecd-1	-	2	CEOP4212
chrIV	7556437	7556529	7556410	WBGene00018638	F49E8.7	-	5	CEOP4228
chrIV	7709853	7709957	7709889	WBGene00017999	emc-6	-	3	CEOP4240
chrIV	7785781	7785896	7785803	WBGene00044326	tag-322	-	5	CEOP4252
chrIV	7789501	7789779	7789543	WBGene00016378	imp-3	-	3	CEOP4252
chrIV	7791320	7791441	7791338	WBGene00004703	rsp-6	-	2	CEOP4252
chrIV	7796820	7796938	7796836	WBGene00016381	sgo-1	-	3	CEOP4256
chrIV	8112285	8112439	8112347	WBGene00021539	Y42H9AR.4	-	2	CEOP4676
chrIV	8139073	8139202	8139135	WBGene00004057	pmk-3	+	2	CEOP4272
chrIV	8205367	8205476	8205427	WBGene00004101	hgrs-1	-	3	CEOP4274
chrIV	8292465	8292622	8292608	WBGene00019504	K07H8.2	+	2	CEOP4280
chrIV	8754884	8755006	8754943	WBGene00008968	elli-1	-	2	CEOP4609
chrIV	8757813	8757970	8757850	WBGene00002222	klp-11	-	2	CEOP4609
chrIV	8869760	8869867	8869760	WBGene00007493	npp-23	-	2	CEOP4310
chrIV	8891287	8891398	8891375	WBGene00005007	spr-2	+	2	CEOP4312
chrIV	9343078	9343231	9343141	WBGene00011860	T20D3.8	-	3	CEOP4328
chrIV	9367997	9368094	9367964	WBGene00007505	pezo-1	-	2	CEOP4328
chrIV	9995128	9995280	9995220	WBGene00006699	uba-1	-	2	CEOP4348
chrIV	9998596	9998707	9998629	WBGene00008149	pyp-1	-	2	CEOP4348
chrIV	10003496	10003605	10003495	WBGene00008147	C47E12.2	-	2	CEOP4344
chrIV	10222115	10222255	10222095	WBGene00007696	tram-1	-	3	CEOP4364
chrIV	10284182	10284350	10284231	WBGene00004297	rad-51	-	2	CEOP4368
chrIV	10367830	10367907	10367965	WBGene00011239	pges-2	-	2	CEOP4372
chrIV	10558344	10558524	10558482	WBGene00011601	zim-3	+	5	CEOP4384
chrIV	10561688	10561793	10561805	WBGene00001867	him-8	+	6	CEOP4384
chrIV	10697197	10697351	10697259	WBGene00011292	R102.5	-	2	CEOP4392
chrIV	10987483	10987654	10987628	WBGene00012795	Y43E12A.3	+	2	CEOP4621
chrIV	11020057	11020175	11020084	WBGene00008775	mogs-1	-	2	CEOP4400
chrIV	11149680	11149801	11149814	WBGene00007443	pfd-1	+	2	CEOP4420
chrIV	11315808	11316062	11315917	WBGene00007108	gspd-1	+	2	CEOP4436
chrIV	11336875	11337073	11336953	WBGene00010061	F54E12.2	-	2	CEOP4440
chrIV	11371771	11371887	11371748	WBGene00011338	sec-31	-	2	CEOP4639
chrIV	11582530	11582669	11582640	WBGene00004360	rib-1	+	2	CEOP4456
chrIV	11584886	11585018	11585023	WBGene00008720	F12F6.1	+	3	CEOP4456
chrIV	11659540	11659652	11659628	WBGene00014076	ZK792.1	+	2	CEOP4468
chrIV	12057534	12057676	12057621	WBGene00010667	K08E4.3	+	2	CEOP4623
chrIV	12093488	12093600	12093546	WBGene00044329	cpsf-4	-	3	CEOP4490
chrIV	12113045	12113370	12113148	WBGene00010888	dlc-2	-	2	CEOP4606
chrIV	12122996	12123114	12123126	WBGene00000122	aly-3	+	2	CEOP4496
chrIV	12138087	12138309	12138193	WBGene00007089	B0001.4	-	6	CEOP4500
chrIV	12145801	12145909	12145836	WBGene00007088	B0001.3	-	6	CEOP4500
chrIV	12154386	12154494	12154400	WBGene00007092	B0001.7	-	3	CEOP4500
chrIV	12279461	12279587	12279622	WBGene00016589	C42C1.11	+	2	CEOP4504
chrIV	12454441	12454548	12454468	WBGene00007732	spe-44	-	2	CEOP4516
chrIV	12614675	12614898	12614723	WBGene00013223	efa-6	-	2	CEOP4524
chrIV	13095562	13095684	13095649	WBGene00004339	rfc-3	+	2	CEOP4528
chrIV	13110980	13111106	13111128	WBGene00007202	B0564.2	+	5	CEOP4532
chrIV	13289478	13289588	13289471	WBGene00013465	Y67H2A.10	-	4	CEOP4539
chrIV	13292008	13292166	13292027	WBGene00013461	Y67H2A.2	-	2	CEOP4539
chrIV	13386184	13386290	13386166	WBGene00044745	Y62E10A.20	-	2	CEOP4544
chrIV	13398759	13398932	13398793	WBGene00013379	Y62E10A.13	-	2	CEOP4607
chrIV	13400830	13400940	13400879	WBGene00013380	memi-2	-	2	CEOP4607
chrIV	13521906	13522011	13521936	WBGene00003582	dcap-2	-	2	CEOP4556
chrIV	13541819	13541934	13541819	WBGene00004681	rsd-2	-	2	CEOP4556
chrIV	13779048	13779162	13779125	WBGene00001635	gly-10	+	2	CEOP4560
chrIV	14219738	14219893	14219893	WBGene00008538	sqrd-1	+	2	CEOP4629
chrIV	14769393	14769537	14769480	WBGene00013332	Y57G11C.43	+	2	CEOP4667
chrIV	14798023	14798128	14798070	WBGene00013308	nuo-3	-	2	CEOP4580
chrIV	15025497	15025597	15025590	WBGene00012767	fcd-2	+	2	CEOP4581
chrIV	15028463	15028644	15028563	WBGene00012767	fcd-2	+	2	CEOP4581
chrIV	15042253	15042350	15042328	WBGene00012769	hrpu-1	+	2	CEOP4685
chrIV	16418875	16419015	16418961	WBGene00012423	Y10G11A.1	+	2	CEOP4627
chrIV	16419999	16420204	16420025	WBGene00012423	Y10G11A.1	+	2	CEOP4627
chrIV	16865617	16865723	16865690	WBGene00020286	T06A10.3	+	2	CEOP4668
chrV	123631	123782	123712	WBGene00000480	cgp-1	-	2	CEOP5004
chrV	126763	126875	126734	WBGene00020999	W03F9.1	-	2	CEOP5004
chrV	185833	185944	185952	WBGene00044689	arid-1	+	2	CEOP5588
chrV	305125	305234	305185	WBGene00018011	F33E11.3	-	2	CEOP5012
chrV	311592	311702	311588	WBGene00018013	phf-10	-	2	CEOP5012
chrV	1871791	1872019	1872004	WBGene00020391	cct-7	+	2	CEOP5560
chrV	2231036	2231143	2231179	WBGene00003724	nhr-134	+	6	CEOP5028
chrV	2652719	2652848	2652793	WBGene00020955	angl-1	+	2	CEOP5531
chrV	2656153	2656396	2656221	WBGene00020955	angl-1	+	2	CEOP5531
chrV	2657820	2657933	2657894	WBGene00020955	angl-1	+	2	CEOP5531
chrV	3759652	3759757	3759679	WBGene00000498	chk-1	-	2	CEOP5515
chrV	4175722	4175832	4175734	WBGene00021560	coh-4	-	2	CEOP5562
chrV	4346933	4347050	4346939	WBGene00017982	hpo-18	-	2	CEOP5052
chrV	5271530	5271751	5271732	WBGene00015074	natc-2	+	2	CEOP5527
chrV	5510114	5510316	5510290	WBGene00016060	mms-19	+	2	CEOP5533
chrV	5511421	5511594	5511567	WBGene00016060	mms-19	+	2	CEOP5533
chrV	5514147	5514384	5514218	WBGene00016060	mms-19	+	2	CEOP5533
chrV	5780829	5780960	5780804	WBGene00018427	F44E7.5	-	2	CEOP5565
chrV	6022232	6022388	6022398	WBGene00017931	picc-1	+	2	CEOP5096
chrV	6023446	6023586	6023436	WBGene00017931	picc-1	+	2	CEOP5096
chrV	6430031	6430172	6430031	WBGene00000110	alh-4	-	4	CEOP5108
chrV	6433678	6433786	6433656	WBGene00001513	gad-1	-	2	CEOP5108
chrV	6436434	6436564	6436590	WBGene00020268	hpo-19	+	2	CEOP5112
chrV	6498546	6498681	6498613	WBGene00020909	W01A11.1	+	2	CEOP5118
chrV	6498992	6499126	6499099	WBGene00020909	W01A11.1	+	2	CEOP5118
chrV	6517270	6517407	6517302	WBGene00018491	mdh-1	-	2	CEOP5120
chrV	6709172	6709278	6709190	WBGene00020950	dlst-1	-	3	CEOP5132
chrV	6710568	6710676	6710596	WBGene00020951	sna-1	-	2	CEOP5132
chrV	6994091	6994318	6994249	WBGene00016367	nhr-162	-	2	CEOP5136
chrV	7063060	7063199	7063048	WBGene00021960	Y57E12AM.1	+	2	CEOP5534
chrV	7221228	7221335	7221266	WBGene00015745	C13F10.6	-	3	CEOP5144
chrV	7230959	7231064	7230978	WBGene00001563	gei-6	-	3	CEOP5144
chrV	7340978	7341200	7341078	WBGene00015396	nhr-148	+	2	CEOP5529
chrV	7341484	7341693	7341631	WBGene00015396	nhr-148	+	2	CEOP5529
chrV	7341980	7342094	7342078	WBGene00015396	nhr-148	+	2	CEOP5529
chrV	8031303	8031411	8031370	WBGene00006935	vars-1	+	2	CEOP5176
chrV	8218130	8218236	8218174	WBGene00019480	K07C11.8	-	2	CEOP5568
chrV	8272066	8272252	8272206	WBGene00000218	asp-5	+	2	CEOP5539
chrV	8302654	8302760	8302671	WBGene00004766	sel-9	-	3	CEOP5184
chrV	8462220	8462324	8462190	WBGene00001040	dnj-22	-	2	CEOP5188
chrV	8519126	8519231	8519133	WBGene00018482	F45F2.10	-	2	CEOP5196
chrV	8521163	8521276	8521165	WBGene00018483	F45F2.11	-	2	CEOP5196
chrV	8956455	8956574	8956539	WBGene00020553	T19A5.1	+	2	CEOP5569
chrV	8956726	8956880	8956884	WBGene00020553	T19A5.1	+	2	CEOP5569
chrV	9053912	9054107	9053955	WBGene00016097	C25E10.8	-	4	CEOP5216
chrV	9545378	9545524	9545369	WBGene00001909	his-35	-	3	CEOP5232
chrV	9545938	9546061	9546068	WBGene00001909	his-35	-	2	CEOP5232
chrV	9546266	9546400	9546244	WBGene00001909	his-35	-	2	CEOP5232
chrV	9549044	9549155	9549072	WBGene00008237	nstp-10	-	2	CEOP5232
chrV	9789943	9790085	9789926	WBGene00009772	ztf-7	-	6	CEOP5236
chrV	10174689	10174938	10174835	WBGene00001172	egl-3	-	2	CEOP5505
chrV	10441622	10441750	10441770	WBGene00012528	pap-1	+	2	CEOP5558
chrV	10602241	10602357	10602268	WBGene00010418	H27A22.1	+	2	CEOP5530
chrV	10961630	10961782	10961693	WBGene00008919	vps-36	-	2	CEOP5268
chrV	10965625	10965752	10965613	WBGene00008921	ctf-4	-	2	CEOP5268
chrV	11124064	11124172	11124081	WBGene00007385	atp-5	-	2	CEOP5272
chrV	11508427	11508572	11508551	WBGene00008331	ttll-5	+	2	CEOP5288
chrV	11508827	11509029	11508948	WBGene00008331	ttll-5	+	2	CEOP5288
chrV	11514739	11514959	11514810	WBGene00008335	C55A6.6	-	3	CEOP5555
chrV	11516298	11516415	11516338	WBGene00008334	sdz-8	-	2	CEOP5555
chrV	11770166	11770327	11770339	WBGene00010077	F55A11.4	+	3	CEOP5300
chrV	11771024	11771212	11771180	WBGene00010077	F55A11.4	+	3	CEOP5300
chrV	11827215	11827344	11827236	WBGene00008409	mpst-1	-	2	CEOP5304
chrV	11917305	11917462	11917459	WBGene00011270	R31.2	+	2	CEOP5541
chrV	11919759	11919924	11919853	WBGene00011270	R31.2	+	2	CEOP5541
chrV	11921282	11921516	11921434	WBGene00011270	R31.2	+	2	CEOP5541
chrV	11922902	11923141	11923096	WBGene00011270	R31.2	+	2	CEOP5541
chrV	11979990	11980131	11979965	WBGene00004917	snr-4	-	2	CEOP5308
chrV	12026942	12027248	12027005	WBGene00004032	pkc-1	-	2	CEOP5312
chrV	12041202	12041312	12041224	WBGene00002241	kup-1	-	2	CEOP5312
chrV	12104084	12104244	12104258	WBGene00007546	nhr-153	+	2	CEOP5517
chrV	12291719	12291827	12291754	WBGene00010097	srpa-68	-	2	CEOP5340
chrV	12409068	12409215	12409056	WBGene00010470	cdr-4	-	2	CEOP5506
chrV	12729344	12729551	12729474	WBGene00011248	R11D1.10	+	2	CEOP5368
chrV	12747566	12747677	12747602	WBGene00007606	C15C8.4	-	2	CEOP5372
chrV	13664478	13664609	13664562	WBGene00010280	rde-12	+	2	CEOP5398
chrV	13665107	13665252	13665229	WBGene00010280	rde-12	+	2	CEOP5398
chrV	13906305	13906413	13906387	WBGene00007363	stdh-1	+	2	CEOP5519
chrV	14002510	14002670	14002539	WBGene00010259	ric-7	-	2	CEOP5583
chrV	14012198	14012312	14012202	WBGene00010260	ddx-17	-	2	CEOP5583
chrV	14423331	14423449	14423337	WBGene00007616	rpoa-12	-	4	CEOP5416
chrV	14423522	14423615	14423506	WBGene00007616	rpoa-12	-	2	CEOP5416
chrV	14425241	14425351	14425242	WBGene00007617	rrbs-1	-	2	CEOP5416
chrV	15578823	15578951	15578845	WBGene00044188	F28F8.9	-	2	CEOP5444
chrV	15581337	15581469	15581338	WBGene00009224	F28F8.7	-	2	CEOP5444
chrV	16133336	16133547	16133407	WBGene00009709	fbxa-144	-	2	CEOP5503
chrV	16367653	16367772	16367685	WBGene00012347	W08G11.3	+	2	CEOP5538
chrV	16552998	16553174	16553167	WBGene00012524	Y32B12B.4	+	2	CEOP5576
chrV	17921408	17921623	17921612	WBGene00008442	E01B7.2	+	2	CEOP5582
chrV	18102364	18102492	18102455	WBGene00012562	Y37H2A.1	+	3	CEOP5586
chrV	18109476	18109597	18109578	WBGene00012562	Y37H2A.1	+	3	CEOP5586
chrV	18123699	18123881	18123812	WBGene00012564	fbxa-107	+	2	CEOP5577
chrV	18127313	18127409	18127375	WBGene00012566	fbxa-211	+	4	CEOP5577
chrV	18967752	18967874	18967782	WBGene00012701	Y39B6A.43	-	3	CEOP5476
chrV	18981086	18981190	18981111	WBGene00012698	sws-1	-	2	CEOP5498
chrV	18990358	18990460	18990455	WBGene00012695	Y39B6A.37	+	2	CEOP5480
chrV	19955282	19955402	19955381	WBGene00013358	abhd-3.1	+	2	CEOP5579
chrV	20198852	20198963	20198942	WBGene00001482	fog-2	+	2	CEOP5504
chrV	20269893	20269998	20269880	WBGene00013766	prmt-1	-	3	CEOP5508
chrV	20837893	20838004	20837945	WBGene00011391	mrps-12	+	2	CEOP5516
chrV	20852117	20852225	20852112	WBGene00009294	F31D4.9	-	2	CEOP5499
chrX	772316	772466	772464	WBGene00020215	T04G9.4	+	2	CEOPX147
chrX	3102219	3102468	3102279	WBGene00018704	ztf-13	-	2	CEOPX179
chrX	3111185	3111488	3111386	WBGene00019612	gpcp-1	-	4	CEOPX036
chrX	3116576	3116682	3116583	WBGene00003124	mai-1	-	4	CEOPX036
chrX	3165694	3165855	3165807	WBGene00015793	C15C7.7	+	3	CEOPX040
chrX	4362576	4362709	4362599	WBGene00017474	F14H12.7	-	2	CEOPX148
chrX	6207714	6207889	6207772	WBGene00020486	T13C5.6	-	3	CEOPX072
chrX	6271843	6271996	6271943	WBGene00021048	W05H9.1	+	3	CEOPX164
chrX	6728801	6729002	6728904	WBGene00019657	K11G12.6	-	3	CEOPX080
chrX	6840940	6841057	6840937	WBGene00001617	glr-6	-	2	CEOPX084
chrX	7254655	7254815	7254669	WBGene00018520	F46H5.4	-	3	CEOPX181
chrX	7257142	7257263	7257163	WBGene00018521	F46H5.5	-	2	CEOPX181
chrX	7961892	7961986	7961921	WBGene00004774	sem-5	-	2	CEOPX092
chrX	8672833	8673047	8672917	WBGene00019571	K09E2.2	+	2	CEOPX151
chrX	8869832	8869960	8869856	WBGene00006717	ubc-22	-	2	CEOPX143
chrX	8875952	8876086	8876015	WBGene00015527	C06E2.1	-	2	CEOPX143
chrX	9337882	9338033	9338026	WBGene00000161	apa-2	+	2	CEOPX109
chrX	9338464	9338675	9338557	WBGene00000161	apa-2	+	2	CEOPX109
chrX	9965093	9965236	9965177	WBGene00013920	pssy-1	+	2	CEOPX107
chrX	9965366	9965504	9965522	WBGene00013920	pssy-1	+	2	CEOPX107
chrX	11307101	11307209	11307098	WBGene00008585	F08G12.1	-	2	CEOPX177
chrX	11310287	11310406	11310275	WBGene00008588	F08G12.5	-	2	CEOPX177
chrX	12618510	12618654	12618607	WBGene00011153	R09A8.2	+	2	CEOPX153
chrX	13328086	13328233	13328185	WBGene00004801	sir-2.2	+	2	CEOPX178
chrX	13328487	13328604	13328548	WBGene00004801	sir-2.2	+	2	CEOPX178
chrX	13328903	13329050	13329075	WBGene00004801	sir-2.2	+	2	CEOPX178
chrX	13929688	13929819	13929698	WBGene00010492	meg-1	-	2	CEOPX165
chrX	13977502	13977643	13977578	WBGene00009851	F48F7.6	+	2	CEOPX126
chrX	14421644	14421781	14421637	WBGene00009086	F23D12.2	-	2	CEOPX163
chrX	14979118	14979262	14979225	WBGene00008980	emre-1	+	2	CEOPX130
chrX	15616507	15616626	15616544	WBGene00010725	erv-46	-	2	CEOPX156
chrX	15865999	15866096	15865991	WBGene00000803	csb-1	-	2	CEOPX182
